6.038800000000000000e+04,1.767000000000000000e+03,2.480000000000000000e+02,1.692800000000000000e+04,1.137604450949999955e+04,1.478302379570000014e+01,2.480000000000000000e+02,7.400000000000000000e+01,0.000000000000000000e+00,6.193228736580000393e-03,5.999999999999996447e-01
4.571000000000000000e+04,1.013000000000000000e+03,2.400000000000000000e+02,1.072900000000000000e+04,7.225835735280000335e+03,1.427343138349999840e+01,1.870000000000000000e+02,3.140000000000000000e+02,4.591368227730000299e-04,7.483930211200000293e-02,6.134969325150000340e-03
3.524000000000000000e+03,7.800000000000000000e+01,2.600000000000000000e+01,5.720000000000000000e+02,9.217023137050000514e+02,1.061286849730000093e+01,1.200000000000000000e+01,6.000000000000000000e+00,0.000000000000000000e+00,0.000000000000000000e+00,0.000000000000000000e+00
7.708000000000000000e+03,2.080000000000000000e+02,5.200000000000000000e+01,1.720000000000000000e+03,1.473487556580000046e+03,1.200632607849999900e+01,1.800000000000000000e+01,2.000000000000000000e+00,0.000000000000000000e+00,0.000000000000000000e+00,0.000000000000000000e+00
2.388000000000000000e+04,5.800000000000000000e+02,8.600000000000000000e+01,5.463000000000000000e+03,5.097317798899999616e+03,1.339981195930000091e+01,1.340000000000000000e+02,5.000000000000000000e+00,0.000000000000000000e+00,0.000000000000000000e+00,0.000000000000000000e+00
7.643000000000000000e+03,1.740000000000000000e+02,3.200000000000000000e+01,1.511000000000000000e+03,1.402822083430000021e+03,1.123062093309999909e+01,1.400000000000000000e+01,2.690000000000000000e+02,4.405286344000014509e-02,0.000000000000000000e+00,1.979999999999999716e+01
9.761000000000000000e+03,2.440000000000000000e+02,2.100000000000000000e+01,2.079000000000000000e+03,2.347761886589999904e+03,1.263820962660000013e+01,2.800000000000000000e+01,9.400000000000000000e+01,0.000000000000000000e+00,0.000000000000000000e+00,7.159090909099998790e-01
2.080200000000000000e+04,6.280000000000000000e+02,5.100000000000000000e+01,4.926000000000000000e+03,3.666305591710000044e+03,1.281878187230000066e+01,2.810000000000000000e+02,2.100000000000000000e+01,0.000000000000000000e+00,0.000000000000000000e+00,0.000000000000000000e+00
5.793500000000000000e+04,1.508000000000000000e+03,4.100000000000000000e+02,1.153000000000000000e+04,1.160441387423000015e+04,1.505430754130000182e+01,3.190000000000000000e+02,8.070000000000000000e+02,0.000000000000000000e+00,0.000000000000000000e+00,6.348049281309999792e+00
2.414000000000000000e+03,3.400000000000000000e+01,2.000000000000000000e+01,3.220000000000000000e+02,3.605125818630000367e+02,9.707359132080000563e+00,1.200000000000000000e+01,0.000000000000000000e+00,0.000000000000000000e+00,0.000000000000000000e+00,0.000000000000000000e+00
2.024500000000000000e+04,5.360000000000000000e+02,9.700000000000000000e+01,4.480000000000000000e+03,3.922305591710000044e+03,1.381878187230000066e+01,1.030000000000000000e+02,8.000000000000000000e+00,0.000000000000000000e+00,0.000000000000000000e+00,1.920000000000000040e-01
1.193000000000000000e+04,2.470000000000000000e+02,6.300000000000000000e+01,3.516000000000000000e+03,2.258162078169999859e+03,1.257931593760000055e+01,1.700000000000000000e+01,1.900000000000000000e+01,0.000000000000000000e+00,0.000000000000000000e+00,0.000000000000000000e+00
8.568000000000000000e+03,1.960000000000000000e+02,5.400000000000000000e+01,1.758000000000000000e+03,1.575023792790000016e+03,1.226795708440000077e+01,2.100000000000000000e+01,2.000000000000000000e+00,0.000000000000000000e+00,0.000000000000000000e+00,0.000000000000000000e+00
8.271000000000000000e+03,2.170000000000000000e+02,6.500000000000000000e+01,1.692000000000000000e+03,1.341058478729999933e+03,1.166844182809999886e+01,2.300000000000000000e+01,0.000000000000000000e+00,0.000000000000000000e+00,0.000000000000000000e+00,0.000000000000000000e+00
3.390000000000000000e+03,7.300000000000000000e+01,2.800000000000000000e+01,5.720000000000000000e+02,5.564977245149999590e+02,1.012928301690000055e+01,9.000000000000000000e+00,1.000000000000000000e+01,0.000000000000000000e+00,0.000000000000000000e+00,0.000000000000000000e+00
2.820900000000000000e+04,8.640000000000000000e+02,3.660000000000000000e+02,1.021400000000000000e+04,9.045044509499999549e+03,1.478302379570000014e+01,3.240000000000000000e+02,4.000000000000000000e+01,0.000000000000000000e+00,0.000000000000000000e+00,0.000000000000000000e+00
4.106000000000000000e+03,9.800000000000000000e+01,2.900000000000000000e+01,8.000000000000000000e+02,7.805765211699999782e+02,1.121977355089999939e+01,1.500000000000000000e+01,0.000000000000000000e+00,0.000000000000000000e+00,0.000000000000000000e+00,0.000000000000000000e+00
2.172400000000000000e+04,5.620000000000000000e+02,1.010000000000000000e+02,4.531000000000000000e+03,5.006615660569999818e+03,1.418827975199999969e+01,1.240000000000000000e+02,9.000000000000000000e+00,8.196721311479998606e-03,0.000000000000000000e+00,0.000000000000000000e+00
2.335100000000000000e+04,5.160000000000000000e+02,1.140000000000000000e+02,4.723000000000000000e+03,5.185201106679999612e+03,1.421613955640000171e+01,1.070000000000000000e+02,3.700000000000000000e+01,6.821282401090000315e-03,0.000000000000000000e+00,0.000000000000000000e+00
8.427000000000000000e+03,2.210000000000000000e+02,6.000000000000000000e+01,1.662000000000000000e+03,1.285058478729999933e+03,1.166844182809999886e+01,1.800000000000000000e+01,0.000000000000000000e+00,0.000000000000000000e+00,0.000000000000000000e+00,0.000000000000000000e+00
1.274100000000000000e+04,2.440000000000000000e+02,4.900000000000000000e+01,3.321000000000000000e+03,2.139162078169999859e+03,1.157931593760000055e+01,1.700000000000000000e+01,1.300000000000000000e+01,0.000000000000000000e+00,0.000000000000000000e+00,0.000000000000000000e+00
9.810000000000000000e+03,2.560000000000000000e+02,3.000000000000000000e+01,2.059000000000000000e+03,2.344761886589999904e+03,1.263820962660000013e+01,2.700000000000000000e+01,2.400000000000000000e+01,0.000000000000000000e+00,0.000000000000000000e+00,7.159090909099998790e-01
3.547000000000000000e+03,7.800000000000000000e+01,2.600000000000000000e+01,5.900000000000000000e+02,9.407023137050000514e+02,1.061286849730000093e+01,1.300000000000000000e+01,1.800000000000000000e+01,0.000000000000000000e+00,0.000000000000000000e+00,0.000000000000000000e+00
1.150000000000000000e+04,4.640000000000000000e+02,1.120000000000000000e+02,3.720000000000000000e+03,2.579549039689999972e+03,1.225384748499999965e+01,8.800000000000000000e+01,0.000000000000000000e+00,0.000000000000000000e+00,0.000000000000000000e+00,0.000000000000000000e+00
4.412600000000000000e+04,1.130000000000000000e+03,2.490000000000000000e+02,9.051000000000000000e+03,8.715019729300000108e+03,1.495560450480000014e+01,2.270000000000000000e+02,1.690000000000000000e+02,0.000000000000000000e+00,0.000000000000000000e+00,3.270270270270000168e+00
4.110000000000000000e+03,9.500000000000000000e+01,2.900000000000000000e+01,8.420000000000000000e+02,9.615765211699999782e+02,1.121977355089999939e+01,1.300000000000000000e+01,0.000000000000000000e+00,0.000000000000000000e+00,0.000000000000000000e+00,0.000000000000000000e+00
3.835400000000000000e+04,9.900000000000000000e+02,2.170000000000000000e+02,8.666000000000000000e+03,6.375402101769999717e+03,1.413931152279999992e+01,1.980000000000000000e+02,1.330000000000000000e+02,1.804812834220000106e-02,1.336898395719999947e-03,7.500000000000000000e+00
7.703000000000000000e+03,2.110000000000000000e+02,4.000000000000000000e+01,1.607000000000000000e+03,1.480487556580000046e+03,1.200632607849999900e+01,4.400000000000000000e+01,2.000000000000000000e+00,0.000000000000000000e+00,0.000000000000000000e+00,0.000000000000000000e+00
3.223700000000000000e+04,6.900000000000000000e+02,2.030000000000000000e+02,5.886000000000000000e+03,6.364984227689999898e+03,1.453132053460000073e+01,1.670000000000000000e+02,2.800000000000000000e+01,0.000000000000000000e+00,0.000000000000000000e+00,6.692913385799998949e-01
2.270900000000000000e+04,4.980000000000000000e+02,1.690000000000000000e+02,5.590000000000000000e+03,5.188317798899999616e+03,1.339981195930000091e+01,1.040000000000000000e+02,1.500000000000000000e+01,1.754385964909999790e-02,0.000000000000000000e+00,3.000000000000000000e+00
5.215600000000000000e+04,1.867000000000000000e+03,3.760000000000000000e+02,1.801200000000000000e+04,6.501835735280000335e+03,1.527343138349999840e+01,2.340000000000000000e+02,8.200000000000000000e+01,4.591368227730000299e-04,0.000000000000000000e+00,6.134969325150000340e-03
4.099000000000000000e+03,9.000000000000000000e+01,2.200000000000000000e+01,8.200000000000000000e+02,8.525765211699999782e+02,1.121977355089999939e+01,1.100000000000000000e+01,3.000000000000000000e+00,8.849557522120000963e-03,0.000000000000000000e+00,7.000000000000000000e+00
3.502100000000000000e+04,1.198000000000000000e+03,4.790000000000000000e+02,1.019500000000000000e+04,1.029104450949999955e+04,1.478302379570000014e+01,2.410000000000000000e+02,0.000000000000000000e+00,0.000000000000000000e+00,0.000000000000000000e+00,4.599999999999999645e+00
5.615200000000000000e+04,1.758000000000000000e+03,3.040000000000000000e+02,1.709700000000000000e+04,6.524835735280000335e+03,1.527343138349999840e+01,1.240000000000000000e+02,1.540000000000000000e+02,4.591368227730000299e-04,0.000000000000000000e+00,4.006134969325150230e+00
3.537000000000000000e+03,7.800000000000000000e+01,2.600000000000000000e+01,6.230000000000000000e+02,9.347023137050000514e+02,1.061286849730000093e+01,9.000000000000000000e+00,2.000000000000000000e+00,0.000000000000000000e+00,0.000000000000000000e+00,0.000000000000000000e+00
7.836000000000000000e+03,1.890000000000000000e+02,6.800000000000000000e+01,1.350000000000000000e+03,1.496487556580000046e+03,1.200632607849999900e+01,2.400000000000000000e+01,3.000000000000000000e+00,0.000000000000000000e+00,0.000000000000000000e+00,0.000000000000000000e+00
2.362500000000000000e+04,5.700000000000000000e+02,8.400000000000000000e+01,5.589000000000000000e+03,5.176317798899999616e+03,1.339981195930000091e+01,1.310000000000000000e+02,8.000000000000000000e+00,0.000000000000000000e+00,0.000000000000000000e+00,0.000000000000000000e+00
7.743000000000000000e+03,1.690000000000000000e+02,3.600000000000000000e+01,1.530000000000000000e+03,1.438822083430000021e+03,1.123062093309999909e+01,1.400000000000000000e+01,2.220000000000000000e+02,1.044052863440000145e+00,0.000000000000000000e+00,4.879999999999999716e+01
9.621000000000000000e+03,1.870000000000000000e+02,4.100000000000000000e+01,1.925000000000000000e+03,2.213761886589999904e+03,1.263820962660000013e+01,2.400000000000000000e+01,2.500000000000000000e+01,0.000000000000000000e+00,0.000000000000000000e+00,0.000000000000000000e+00
2.072100000000000000e+04,6.580000000000000000e+02,8.300000000000000000e+01,5.479000000000000000e+03,3.783305591710000044e+03,1.281878187230000066e+01,8.700000000000000000e+01,2.100000000000000000e+01,0.000000000000000000e+00,0.000000000000000000e+00,1.920000000000000040e-01
5.462600000000000000e+04,1.508000000000000000e+03,4.350000000000000000e+02,1.172300000000000000e+04,1.016641387423000015e+04,1.505430754130000182e+01,3.190000000000000000e+02,3.340000000000000000e+02,0.000000000000000000e+00,0.000000000000000000e+00,7.348049281309999792e+00
2.392000000000000000e+03,4.200000000000000000e+01,2.700000000000000000e+01,3.140000000000000000e+02,3.705125818630000367e+02,9.707359132080000563e+00,6.000000000000000000e+00,0.000000000000000000e+00,0.000000000000000000e+00,0.000000000000000000e+00,0.000000000000000000e+00
1.955700000000000000e+04,5.350000000000000000e+02,9.300000000000000000e+01,4.477000000000000000e+03,4.192305591710000044e+03,1.381878187230000066e+01,1.040000000000000000e+02,1.500000000000000000e+01,0.000000000000000000e+00,0.000000000000000000e+00,1.920000000000000040e-01
1.217600000000000000e+04,2.490000000000000000e+02,5.600000000000000000e+01,3.656000000000000000e+03,2.319162078169999859e+03,1.257931593760000055e+01,2.000000000000000000e+01,8.000000000000000000e+00,0.000000000000000000e+00,0.000000000000000000e+00,0.000000000000000000e+00
8.582000000000000000e+03,2.220000000000000000e+02,2.200000000000000000e+01,1.914000000000000000e+03,1.590023792790000016e+03,1.126795708440000077e+01,1.400000000000000000e+01,2.000000000000000000e+00,0.000000000000000000e+00,0.000000000000000000e+00,0.000000000000000000e+00
8.344000000000000000e+03,2.240000000000000000e+02,6.400000000000000000e+01,1.647000000000000000e+03,1.352058478729999933e+03,1.166844182809999886e+01,2.800000000000000000e+01,0.000000000000000000e+00,0.000000000000000000e+00,0.000000000000000000e+00,0.000000000000000000e+00
3.378000000000000000e+03,7.300000000000000000e+01,2.800000000000000000e+01,4.960000000000000000e+02,5.694977245149999590e+02,1.012928301690000055e+01,9.000000000000000000e+00,1.200000000000000000e+01,0.000000000000000000e+00,0.000000000000000000e+00,0.000000000000000000e+00
6.231400000000000000e+04,1.688000000000000000e+03,4.450000000000000000e+02,1.439600000000000000e+04,1.090604450949999955e+04,1.378302379570000014e+01,2.410000000000000000e+02,7.000000000000000000e+00,0.000000000000000000e+00,6.193228736580000393e-03,3.599999999999999645e+00
4.093000000000000000e+03,8.500000000000000000e+01,2.400000000000000000e+01,8.160000000000000000e+02,8.825765211699999782e+02,1.121977355089999939e+01,1.000000000000000000e+01,4.000000000000000000e+00,8.849557522120000963e-03,0.000000000000000000e+00,6.000000000000000000e+00
2.152000000000000000e+04,5.610000000000000000e+02,1.080000000000000000e+02,4.630000000000000000e+03,5.152615660569999818e+03,1.418827975199999969e+01,1.210000000000000000e+02,1.000000000000000000e+01,8.196721311479998606e-03,0.000000000000000000e+00,0.000000000000000000e+00
2.434100000000000000e+04,5.930000000000000000e+02,7.600000000000000000e+01,5.223000000000000000e+03,4.895201106679999612e+03,1.321613955640000171e+01,1.110000000000000000e+02,4.000000000000000000e+00,0.000000000000000000e+00,0.000000000000000000e+00,0.000000000000000000e+00
8.391000000000000000e+03,2.210000000000000000e+02,5.400000000000000000e+01,1.728000000000000000e+03,1.488058478729999933e+03,1.166844182809999886e+01,2.400000000000000000e+01,0.000000000000000000e+00,0.000000000000000000e+00,0.000000000000000000e+00,0.000000000000000000e+00
1.193000000000000000e+04,3.970000000000000000e+02,4.400000000000000000e+01,3.257000000000000000e+03,2.493162078169999859e+03,1.257931593760000055e+01,4.700000000000000000e+01,7.000000000000000000e+00,0.000000000000000000e+00,0.000000000000000000e+00,0.000000000000000000e+00
9.714000000000000000e+03,2.140000000000000000e+02,2.900000000000000000e+01,2.064000000000000000e+03,2.272761886589999904e+03,1.263820962660000013e+01,2.400000000000000000e+01,1.130000000000000000e+02,0.000000000000000000e+00,0.000000000000000000e+00,7.159090909099998790e-01
3.509000000000000000e+03,7.800000000000000000e+01,2.600000000000000000e+01,6.550000000000000000e+02,9.397023137050000514e+02,1.061286849730000093e+01,1.000000000000000000e+01,1.700000000000000000e+01,0.000000000000000000e+00,0.000000000000000000e+00,0.000000000000000000e+00
1.143500000000000000e+04,3.090000000000000000e+02,1.240000000000000000e+02,3.335000000000000000e+03,2.764549039689999972e+03,1.325384748499999965e+01,5.200000000000000000e+01,3.000000000000000000e+00,0.000000000000000000e+00,0.000000000000000000e+00,0.000000000000000000e+00
4.257500000000000000e+04,9.550000000000000000e+02,2.690000000000000000e+02,8.664000000000000000e+03,8.914019729300000108e+03,1.495560450480000014e+01,2.220000000000000000e+02,2.160000000000000000e+02,0.000000000000000000e+00,0.000000000000000000e+00,1.027027027027000017e+01
4.114000000000000000e+03,1.040000000000000000e+02,2.300000000000000000e+01,8.360000000000000000e+02,8.495765211699999782e+02,1.121977355089999939e+01,1.200000000000000000e+01,0.000000000000000000e+00,0.000000000000000000e+00,0.000000000000000000e+00,0.000000000000000000e+00
3.326500000000000000e+04,9.890000000000000000e+02,1.930000000000000000e+02,6.478000000000000000e+03,8.279402101769999717e+03,1.413931152279999992e+01,1.970000000000000000e+02,2.020000000000000000e+02,1.804812834220000106e-02,1.336898395719999947e-03,3.500000000000000000e+00
7.797000000000000000e+03,1.900000000000000000e+02,5.700000000000000000e+01,1.386000000000000000e+03,1.489487556580000046e+03,1.200632607849999900e+01,2.500000000000000000e+01,1.000000000000000000e+00,0.000000000000000000e+00,0.000000000000000000e+00,0.000000000000000000e+00
3.112200000000000000e+04,9.100000000000000000e+02,1.380000000000000000e+02,6.367000000000000000e+03,5.776984227689999898e+03,1.353132053460000073e+01,2.120000000000000000e+02,0.000000000000000000e+00,0.000000000000000000e+00,0.000000000000000000e+00,6.692913385799998949e-01
2.236300000000000000e+04,5.210000000000000000e+02,1.040000000000000000e+02,4.752000000000000000e+03,5.214317798899999616e+03,1.339981195930000091e+01,1.320000000000000000e+02,4.200000000000000000e+01,1.754385964909999790e-02,0.000000000000000000e+00,3.000000000000000000e+00
3.388600000000000000e+04,9.400000000000000000e+02,2.250000000000000000e+02,1.100900000000000000e+04,5.120835735280000335e+03,1.327343138349999840e+01,1.100000000000000000e+02,0.000000000000000000e+00,0.000000000000000000e+00,0.000000000000000000e+00,0.000000000000000000e+00
4.090000000000000000e+03,8.600000000000000000e+01,2.600000000000000000e+01,7.980000000000000000e+02,8.645765211699999782e+02,1.121977355089999939e+01,1.100000000000000000e+01,7.000000000000000000e+00,8.849557522120000963e-03,0.000000000000000000e+00,0.000000000000000000e+00
5.575400000000000000e+04,1.571000000000000000e+03,3.860000000000000000e+02,1.246100000000000000e+04,1.077204450949999955e+04,1.478302379570000014e+01,3.260000000000000000e+02,7.890000000000000000e+02,5.326176713459999934e-02,6.193228736580000393e-03,7.599999999999999645e+00
3.493800000000000000e+04,1.163000000000000000e+03,1.720000000000000000e+02,5.887000000000000000e+03,4.947835735280000335e+03,1.327343138349999840e+01,1.100000000000000000e+02,0.000000000000000000e+00,0.000000000000000000e+00,0.000000000000000000e+00,0.000000000000000000e+00
3.519000000000000000e+03,8.100000000000000000e+01,2.600000000000000000e+01,5.610000000000000000e+02,9.177023137050000514e+02,1.161286849730000093e+01,1.600000000000000000e+01,1.500000000000000000e+01,0.000000000000000000e+00,0.000000000000000000e+00,0.000000000000000000e+00
7.727000000000000000e+03,2.060000000000000000e+02,5.200000000000000000e+01,1.553000000000000000e+03,1.547487556580000046e+03,1.200632607849999900e+01,1.600000000000000000e+01,1.000000000000000000e+00,0.000000000000000000e+00,0.000000000000000000e+00,0.000000000000000000e+00
2.223000000000000000e+04,6.070000000000000000e+02,7.800000000000000000e+01,5.177000000000000000e+03,4.509317798899999616e+03,1.339981195930000091e+01,1.680000000000000000e+02,2.000000000000000000e+00,0.000000000000000000e+00,0.000000000000000000e+00,0.000000000000000000e+00
7.597000000000000000e+03,1.830000000000000000e+02,3.800000000000000000e+01,1.672000000000000000e+03,1.541822083430000021e+03,1.123062093309999909e+01,1.400000000000000000e+01,4.070000000000000000e+02,4.405286344000014509e-02,2.202643171809999870e-02,1.579999999999999716e+01
9.775000000000000000e+03,1.930000000000000000e+02,1.500000000000000000e+02,1.940000000000000000e+03,2.223761886589999904e+03,1.263820962660000013e+01,2.400000000000000000e+01,6.600000000000000000e+01,0.000000000000000000e+00,0.000000000000000000e+00,7.159090909099998790e-01
2.021600000000000000e+04,5.520000000000000000e+02,1.000000000000000000e+02,4.425000000000000000e+03,4.672305591710000044e+03,1.381878187230000066e+01,1.030000000000000000e+02,6.000000000000000000e+00,0.000000000000000000e+00,0.000000000000000000e+00,1.920000000000000040e-01
4.043900000000000000e+04,8.130000000000000000e+02,2.430000000000000000e+02,1.050500000000000000e+04,7.110413874230000147e+03,1.405430754130000182e+01,1.730000000000000000e+02,8.440000000000000000e+02,0.000000000000000000e+00,0.000000000000000000e+00,3.480492813100000138e-01
2.427000000000000000e+03,3.400000000000000000e+01,2.700000000000000000e+01,3.250000000000000000e+02,3.705125818630000367e+02,9.707359132080000563e+00,7.000000000000000000e+00,0.000000000000000000e+00,0.000000000000000000e+00,0.000000000000000000e+00,0.000000000000000000e+00
2.041500000000000000e+04,5.460000000000000000e+02,1.180000000000000000e+02,4.370000000000000000e+03,4.252305591710000044e+03,1.381878187230000066e+01,1.020000000000000000e+02,1.300000000000000000e+01,0.000000000000000000e+00,0.000000000000000000e+00,1.920000000000000040e-01
1.156900000000000000e+04,3.840000000000000000e+02,9.900000000000000000e+01,3.751000000000000000e+03,2.705162078169999859e+03,1.257931593760000055e+01,1.300000000000000000e+01,1.500000000000000000e+01,0.000000000000000000e+00,1.666666666670000019e-01,0.000000000000000000e+00
8.574000000000000000e+03,2.260000000000000000e+02,2.200000000000000000e+01,2.000000000000000000e+03,1.591023792790000016e+03,1.126795708440000077e+01,8.000000000000000000e+00,3.000000000000000000e+00,0.000000000000000000e+00,0.000000000000000000e+00,0.000000000000000000e+00
8.413000000000000000e+03,2.320000000000000000e+02,7.400000000000000000e+01,1.674000000000000000e+03,1.496058478729999933e+03,1.166844182809999886e+01,1.900000000000000000e+01,0.000000000000000000e+00,0.000000000000000000e+00,0.000000000000000000e+00,0.000000000000000000e+00
3.491000000000000000e+03,7.400000000000000000e+01,2.900000000000000000e+01,6.280000000000000000e+02,6.854977245149999590e+02,1.012928301690000055e+01,1.000000000000000000e+01,1.100000000000000000e+01,0.000000000000000000e+00,0.000000000000000000e+00,0.000000000000000000e+00
6.117000000000000000e+04,1.775000000000000000e+03,3.440000000000000000e+02,1.576000000000000000e+04,5.971044509499999549e+03,1.478302379570000014e+01,1.270000000000000000e+02,9.600000000000000000e+01,0.000000000000000000e+00,6.193228736580000393e-03,2.599999999999999645e+00
4.092000000000000000e+03,8.400000000000000000e+01,2.500000000000000000e+01,7.690000000000000000e+02,8.565765211699999782e+02,1.121977355089999939e+01,1.000000000000000000e+01,3.000000000000000000e+00,8.849557522120000963e-03,0.000000000000000000e+00,6.000000000000000000e+00
1.953100000000000000e+04,5.740000000000000000e+02,1.320000000000000000e+02,4.534000000000000000e+03,4.489615660569999818e+03,1.318827975199999969e+01,1.300000000000000000e+02,5.000000000000000000e+00,0.000000000000000000e+00,0.000000000000000000e+00,0.000000000000000000e+00
2.351200000000000000e+04,5.370000000000000000e+02,1.270000000000000000e+02,4.593000000000000000e+03,5.283201106679999612e+03,1.421613955640000171e+01,1.060000000000000000e+02,3.900000000000000000e+01,6.821282401090000315e-03,0.000000000000000000e+00,5.000000000000000000e+00
8.207000000000000000e+03,1.910000000000000000e+02,3.600000000000000000e+01,1.629000000000000000e+03,1.313058478729999933e+03,1.166844182809999886e+01,1.700000000000000000e+01,0.000000000000000000e+00,0.000000000000000000e+00,0.000000000000000000e+00,0.000000000000000000e+00
1.167000000000000000e+04,3.640000000000000000e+02,7.200000000000000000e+01,3.722000000000000000e+03,2.502162078169999859e+03,1.257931593760000055e+01,2.800000000000000000e+01,1.700000000000000000e+01,0.000000000000000000e+00,1.666666666670000019e-01,0.000000000000000000e+00
9.767000000000000000e+03,2.550000000000000000e+02,1.370000000000000000e+02,1.900000000000000000e+03,2.223761886589999904e+03,1.263820962660000013e+01,3.100000000000000000e+01,1.390000000000000000e+02,0.000000000000000000e+00,0.000000000000000000e+00,7.159090909099998790e-01
3.506000000000000000e+03,8.000000000000000000e+01,2.600000000000000000e+01,5.460000000000000000e+02,9.097023137050000514e+02,1.161286849730000093e+01,1.700000000000000000e+01,1.200000000000000000e+01,0.000000000000000000e+00,0.000000000000000000e+00,0.000000000000000000e+00
1.140200000000000000e+04,3.100000000000000000e+02,1.060000000000000000e+02,3.643000000000000000e+03,2.773549039689999972e+03,1.325384748499999965e+01,4.600000000000000000e+01,1.000000000000000000e+00,0.000000000000000000e+00,0.000000000000000000e+00,0.000000000000000000e+00
4.373300000000000000e+04,9.510000000000000000e+02,1.940000000000000000e+02,8.096000000000000000e+03,8.886019729300000108e+03,1.495560450480000014e+01,2.220000000000000000e+02,1.500000000000000000e+02,0.000000000000000000e+00,0.000000000000000000e+00,2.702702702700001680e-01
4.127000000000000000e+03,9.900000000000000000e+01,2.200000000000000000e+01,8.070000000000000000e+02,8.115765211699999782e+02,1.121977355089999939e+01,2.600000000000000000e+01,0.000000000000000000e+00,0.000000000000000000e+00,0.000000000000000000e+00,0.000000000000000000e+00
3.966600000000000000e+04,1.054000000000000000e+03,2.500000000000000000e+02,8.730000000000000000e+03,8.247402101769999717e+03,1.413931152279999992e+01,1.650000000000000000e+02,1.230000000000000000e+02,1.804812834220000106e-02,1.336898395719999947e-03,3.500000000000000000e+00
7.719000000000000000e+03,1.940000000000000000e+02,3.100000000000000000e+01,1.513000000000000000e+03,1.424487556580000046e+03,1.100632607849999900e+01,1.400000000000000000e+01,1.000000000000000000e+00,0.000000000000000000e+00,0.000000000000000000e+00,0.000000000000000000e+00
3.072000000000000000e+04,8.460000000000000000e+02,1.770000000000000000e+02,6.929000000000000000e+03,5.989984227689999898e+03,1.353132053460000073e+01,1.720000000000000000e+02,4.100000000000000000e+01,0.000000000000000000e+00,0.000000000000000000e+00,0.000000000000000000e+00
2.222900000000000000e+04,6.040000000000000000e+02,9.200000000000000000e+01,5.487000000000000000e+03,4.838317798899999616e+03,1.339981195930000091e+01,1.510000000000000000e+02,7.000000000000000000e+00,0.000000000000000000e+00,0.000000000000000000e+00,0.000000000000000000e+00
5.394800000000000000e+04,1.814000000000000000e+03,3.110000000000000000e+02,1.686100000000000000e+04,9.258835735280001245e+03,1.527343138349999840e+01,3.150000000000000000e+02,1.200000000000000000e+01,4.591368227730000299e-04,0.000000000000000000e+00,7.006134969325150230e+00
4.106000000000000000e+03,9.000000000000000000e+01,2.700000000000000000e+01,8.170000000000000000e+02,7.875765211699999782e+02,1.121977355089999939e+01,2.600000000000000000e+01,0.000000000000000000e+00,0.000000000000000000e+00,0.000000000000000000e+00,0.000000000000000000e+00
5.439400000000000000e+04,1.876000000000000000e+03,3.430000000000000000e+02,1.525400000000000000e+04,9.735044509499999549e+03,1.378302379570000014e+01,1.450000000000000000e+02,1.170000000000000000e+02,0.000000000000000000e+00,6.193228736580000393e-03,3.599999999999999645e+00
4.164300000000000000e+04,9.290000000000000000e+02,2.120000000000000000e+02,1.717100000000000000e+04,5.332835735280000335e+03,1.327343138349999840e+01,1.100000000000000000e+02,0.000000000000000000e+00,0.000000000000000000e+00,0.000000000000000000e+00,0.000000000000000000e+00
3.519000000000000000e+03,7.900000000000000000e+01,2.600000000000000000e+01,6.980000000000000000e+02,9.067023137050000514e+02,1.161286849730000093e+01,1.800000000000000000e+01,8.000000000000000000e+00,0.000000000000000000e+00,0.000000000000000000e+00,0.000000000000000000e+00
7.798000000000000000e+03,1.830000000000000000e+02,3.500000000000000000e+01,1.379000000000000000e+03,1.492487556580000046e+03,1.200632607849999900e+01,2.600000000000000000e+01,2.000000000000000000e+00,0.000000000000000000e+00,0.000000000000000000e+00,0.000000000000000000e+00
2.264500000000000000e+04,5.170000000000000000e+02,1.860000000000000000e+02,5.545000000000000000e+03,5.221317798899999616e+03,1.339981195930000091e+01,1.280000000000000000e+02,4.000000000000000000e+01,1.754385964909999790e-02,0.000000000000000000e+00,2.000000000000000000e+00
7.649000000000000000e+03,1.770000000000000000e+02,3.600000000000000000e+01,1.502000000000000000e+03,1.520822083430000021e+03,1.123062093309999909e+01,1.400000000000000000e+01,4.400000000000000000e+01,4.405286344000014509e-02,0.000000000000000000e+00,2.879999999999999716e+01
9.843000000000000000e+03,2.030000000000000000e+02,6.300000000000000000e+01,1.967000000000000000e+03,2.225761886589999904e+03,1.263820962660000013e+01,2.400000000000000000e+01,1.230000000000000000e+02,0.000000000000000000e+00,0.000000000000000000e+00,7.159090909099998790e-01
2.047300000000000000e+04,5.700000000000000000e+02,7.400000000000000000e+01,4.625000000000000000e+03,3.941305591710000044e+03,1.281878187230000066e+01,1.020000000000000000e+02,2.200000000000000000e+01,0.000000000000000000e+00,0.000000000000000000e+00,1.920000000000000040e-01
5.838600000000000000e+04,1.507000000000000000e+03,3.860000000000000000e+02,1.139100000000000000e+04,1.141041387423000015e+04,1.505430754130000182e+01,3.190000000000000000e+02,8.950000000000000000e+02,0.000000000000000000e+00,0.000000000000000000e+00,3.348049281309999792e+00
2.447000000000000000e+03,3.100000000000000000e+01,2.600000000000000000e+01,3.160000000000000000e+02,3.885125818630000367e+02,9.707359132080000563e+00,5.000000000000000000e+00,0.000000000000000000e+00,0.000000000000000000e+00,0.000000000000000000e+00,0.000000000000000000e+00
2.080900000000000000e+04,5.630000000000000000e+02,8.300000000000000000e+01,5.136000000000000000e+03,3.811305591710000044e+03,1.281878187230000066e+01,9.500000000000000000e+01,1.900000000000000000e+01,0.000000000000000000e+00,0.000000000000000000e+00,1.920000000000000040e-01
1.235000000000000000e+04,2.410000000000000000e+02,5.000000000000000000e+01,3.367000000000000000e+03,2.144162078169999859e+03,1.157931593760000055e+01,1.800000000000000000e+01,8.000000000000000000e+00,0.000000000000000000e+00,0.000000000000000000e+00,0.000000000000000000e+00
8.527000000000000000e+03,1.900000000000000000e+02,2.300000000000000000e+01,1.847000000000000000e+03,1.623023792790000016e+03,1.226795708440000077e+01,1.800000000000000000e+01,3.000000000000000000e+00,0.000000000000000000e+00,0.000000000000000000e+00,0.000000000000000000e+00
8.401000000000000000e+03,2.260000000000000000e+02,6.400000000000000000e+01,1.718000000000000000e+03,1.248058478729999933e+03,1.166844182809999886e+01,2.200000000000000000e+01,0.000000000000000000e+00,0.000000000000000000e+00,0.000000000000000000e+00,0.000000000000000000e+00
3.389000000000000000e+03,7.300000000000000000e+01,2.500000000000000000e+01,5.860000000000000000e+02,5.624977245149999590e+02,1.012928301690000055e+01,1.000000000000000000e+01,1.400000000000000000e+01,0.000000000000000000e+00,0.000000000000000000e+00,0.000000000000000000e+00
5.815300000000000000e+04,1.552000000000000000e+03,3.590000000000000000e+02,1.226700000000000000e+04,1.070404450949999955e+04,1.478302379570000014e+01,3.600000000000000000e+02,4.480000000000000000e+02,5.326176713459999934e-02,6.193228736580000393e-03,7.599999999999999645e+00
4.095000000000000000e+03,8.100000000000000000e+01,2.600000000000000000e+01,8.720000000000000000e+02,9.635765211699999782e+02,1.121977355089999939e+01,1.300000000000000000e+01,0.000000000000000000e+00,0.000000000000000000e+00,0.000000000000000000e+00,0.000000000000000000e+00
2.081800000000000000e+04,5.570000000000000000e+02,1.160000000000000000e+02,4.857000000000000000e+03,5.042615660569999818e+03,1.418827975199999969e+01,1.190000000000000000e+02,1.100000000000000000e+01,8.196721311479998606e-03,0.000000000000000000e+00,0.000000000000000000e+00
2.390900000000000000e+04,5.490000000000000000e+02,7.700000000000000000e+01,4.435000000000000000e+03,4.930201106679999612e+03,1.421613955640000171e+01,1.000000000000000000e+02,3.400000000000000000e+01,6.821282401090000315e-03,0.000000000000000000e+00,0.000000000000000000e+00
8.218000000000000000e+03,1.510000000000000000e+02,4.000000000000000000e+01,1.401000000000000000e+03,1.472058478729999933e+03,1.166844182809999886e+01,1.900000000000000000e+01,0.000000000000000000e+00,0.000000000000000000e+00,0.000000000000000000e+00,0.000000000000000000e+00
1.274100000000000000e+04,2.400000000000000000e+02,4.900000000000000000e+01,3.209000000000000000e+03,2.150162078169999859e+03,1.157931593760000055e+01,1.600000000000000000e+01,1.400000000000000000e+01,0.000000000000000000e+00,0.000000000000000000e+00,0.000000000000000000e+00
9.833000000000000000e+03,1.980000000000000000e+02,8.800000000000000000e+01,1.920000000000000000e+03,2.266761886589999904e+03,1.263820962660000013e+01,2.400000000000000000e+01,1.060000000000000000e+02,0.000000000000000000e+00,0.000000000000000000e+00,0.000000000000000000e+00
3.539000000000000000e+03,7.800000000000000000e+01,2.600000000000000000e+01,6.510000000000000000e+02,9.307023137050000514e+02,1.061286849730000093e+01,9.000000000000000000e+00,5.000000000000000000e+00,0.000000000000000000e+00,0.000000000000000000e+00,0.000000000000000000e+00
1.133400000000000000e+04,3.510000000000000000e+02,1.120000000000000000e+02,3.144000000000000000e+03,2.768549039689999972e+03,1.325384748499999965e+01,4.400000000000000000e+01,1.000000000000000000e+00,0.000000000000000000e+00,0.000000000000000000e+00,0.000000000000000000e+00
4.257400000000000000e+04,9.230000000000000000e+02,3.140000000000000000e+02,8.662000000000000000e+03,9.035019729300000108e+03,1.495560450480000014e+01,2.220000000000000000e+02,2.800000000000000000e+02,0.000000000000000000e+00,0.000000000000000000e+00,4.270270270270000168e+00
4.129000000000000000e+03,9.800000000000000000e+01,2.500000000000000000e+01,8.140000000000000000e+02,8.175765211699999782e+02,1.121977355089999939e+01,2.500000000000000000e+01,0.000000000000000000e+00,0.000000000000000000e+00,0.000000000000000000e+00,0.000000000000000000e+00
3.004600000000000000e+04,7.090000000000000000e+02,2.050000000000000000e+02,7.228000000000000000e+03,8.475402101769999717e+03,1.413931152279999992e+01,1.180000000000000000e+02,2.830000000000000000e+02,1.804812834220000106e-02,1.336898395719999947e-03,2.050000000000000000e+01
7.828000000000000000e+03,1.870000000000000000e+02,3.400000000000000000e+01,1.468000000000000000e+03,1.484487556580000046e+03,1.200632607849999900e+01,2.600000000000000000e+01,3.000000000000000000e+00,0.000000000000000000e+00,0.000000000000000000e+00,0.000000000000000000e+00
2.999400000000000000e+04,8.370000000000000000e+02,1.780000000000000000e+02,6.448000000000000000e+03,5.988984227689999898e+03,1.353132053460000073e+01,1.740000000000000000e+02,6.700000000000000000e+01,0.000000000000000000e+00,0.000000000000000000e+00,6.692913385799998949e-01
2.291200000000000000e+04,4.950000000000000000e+02,1.060000000000000000e+02,5.233000000000000000e+03,5.174317798899999616e+03,1.339981195930000091e+01,1.040000000000000000e+02,3.100000000000000000e+01,1.754385964909999790e-02,0.000000000000000000e+00,3.000000000000000000e+00
5.636000000000000000e+04,1.898000000000000000e+03,2.840000000000000000e+02,1.522400000000000000e+04,8.089835735280000335e+03,1.527343138349999840e+01,1.500000000000000000e+02,8.200000000000000000e+01,4.591368227730000299e-04,0.000000000000000000e+00,6.134969325150000340e-03
4.126000000000000000e+03,9.800000000000000000e+01,2.300000000000000000e+01,8.200000000000000000e+02,8.065765211699999782e+02,1.121977355089999939e+01,1.800000000000000000e+01,0.000000000000000000e+00,0.000000000000000000e+00,0.000000000000000000e+00,0.000000000000000000e+00
5.755500000000000000e+04,1.859000000000000000e+03,3.300000000000000000e+02,1.442000000000000000e+04,8.021044509499999549e+03,1.478302379570000014e+01,3.520000000000000000e+02,1.400000000000000000e+01,0.000000000000000000e+00,6.193228736580000393e-03,0.000000000000000000e+00
5.891300000000000000e+04,1.831000000000000000e+03,4.000000000000000000e+02,1.430700000000000000e+04,1.148783573528000124e+04,1.527343138349999840e+01,2.100000000000000000e+02,2.700000000000000000e+01,4.591368227730000299e-04,0.000000000000000000e+00,4.006134969325150230e+00
3.467000000000000000e+03,7.800000000000000000e+01,2.500000000000000000e+01,6.270000000000000000e+02,9.237023137050000514e+02,1.061286849730000093e+01,9.000000000000000000e+00,1.200000000000000000e+01,0.000000000000000000e+00,0.000000000000000000e+00,0.000000000000000000e+00
7.638000000000000000e+03,1.940000000000000000e+02,3.100000000000000000e+01,1.616000000000000000e+03,1.427487556580000046e+03,1.100632607849999900e+01,1.400000000000000000e+01,0.000000000000000000e+00,0.000000000000000000e+00,0.000000000000000000e+00,0.000000000000000000e+00
2.288500000000000000e+04,5.310000000000000000e+02,1.080000000000000000e+02,5.345000000000000000e+03,5.175317798899999616e+03,1.339981195930000091e+01,1.080000000000000000e+02,1.700000000000000000e+01,1.754385964909999790e-02,0.000000000000000000e+00,2.000000000000000000e+00
7.580000000000000000e+03,1.470000000000000000e+02,5.500000000000000000e+01,1.416000000000000000e+03,1.571822083430000021e+03,1.223062093309999909e+01,1.700000000000000000e+01,2.460000000000000000e+02,4.405286344000014509e-02,0.000000000000000000e+00,7.179999999999999716e+01
9.839000000000000000e+03,1.750000000000000000e+02,1.350000000000000000e+02,1.957000000000000000e+03,2.249761886589999904e+03,1.263820962660000013e+01,3.100000000000000000e+01,6.000000000000000000e+00,0.000000000000000000e+00,0.000000000000000000e+00,7.159090909099998790e-01
2.094200000000000000e+04,1.105000000000000000e+03,5.200000000000000000e+01,6.124000000000000000e+03,3.729305591710000044e+03,1.281878187230000066e+01,1.690000000000000000e+02,1.500000000000000000e+01,0.000000000000000000e+00,0.000000000000000000e+00,0.000000000000000000e+00
5.227000000000000000e+04,1.515000000000000000e+03,4.360000000000000000e+02,1.104100000000000000e+04,1.245941387423000015e+04,1.505430754130000182e+01,3.190000000000000000e+02,1.218000000000000000e+03,0.000000000000000000e+00,0.000000000000000000e+00,1.348049281310000014e+00
2.457000000000000000e+03,2.900000000000000000e+01,2.100000000000000000e+01,3.100000000000000000e+02,3.625125818630000367e+02,9.707359132080000563e+00,9.000000000000000000e+00,0.000000000000000000e+00,0.000000000000000000e+00,0.000000000000000000e+00,0.000000000000000000e+00
2.081900000000000000e+04,8.370000000000000000e+02,4.000000000000000000e+01,5.965000000000000000e+03,3.668305591710000044e+03,1.281878187230000066e+01,2.560000000000000000e+02,1.500000000000000000e+01,0.000000000000000000e+00,0.000000000000000000e+00,0.000000000000000000e+00
1.211500000000000000e+04,3.950000000000000000e+02,9.500000000000000000e+01,3.754000000000000000e+03,2.265162078169999859e+03,1.257931593760000055e+01,1.900000000000000000e+01,1.400000000000000000e+01,0.000000000000000000e+00,1.666666666670000019e-01,0.000000000000000000e+00
8.535000000000000000e+03,2.040000000000000000e+02,2.300000000000000000e+01,1.875000000000000000e+03,1.701023792790000016e+03,1.226795708440000077e+01,1.600000000000000000e+01,2.000000000000000000e+00,0.000000000000000000e+00,0.000000000000000000e+00,0.000000000000000000e+00
8.221000000000000000e+03,2.070000000000000000e+02,4.100000000000000000e+01,1.582000000000000000e+03,1.374058478729999933e+03,1.166844182809999886e+01,2.600000000000000000e+01,0.000000000000000000e+00,0.000000000000000000e+00,0.000000000000000000e+00,0.000000000000000000e+00
3.443000000000000000e+03,7.400000000000000000e+01,2.500000000000000000e+01,6.180000000000000000e+02,5.514977245149999590e+02,1.012928301690000055e+01,1.000000000000000000e+01,1.600000000000000000e+01,0.000000000000000000e+00,0.000000000000000000e+00,0.000000000000000000e+00
5.501300000000000000e+04,1.815000000000000000e+03,3.450000000000000000e+02,1.763800000000000000e+04,6.830044509499999549e+03,1.378302379570000014e+01,2.520000000000000000e+02,8.900000000000000000e+01,0.000000000000000000e+00,6.193228736580000393e-03,5.999999999999996447e-01
4.107000000000000000e+03,8.100000000000000000e+01,2.200000000000000000e+01,8.290000000000000000e+02,8.805765211699999782e+02,1.121977355089999939e+01,1.200000000000000000e+01,0.000000000000000000e+00,0.000000000000000000e+00,0.000000000000000000e+00,0.000000000000000000e+00
2.172900000000000000e+04,5.580000000000000000e+02,1.020000000000000000e+02,5.250000000000000000e+03,5.145615660569999818e+03,1.418827975199999969e+01,1.060000000000000000e+02,1.100000000000000000e+01,8.196721311479998606e-03,0.000000000000000000e+00,0.000000000000000000e+00
2.389900000000000000e+04,5.650000000000000000e+02,1.290000000000000000e+02,4.522000000000000000e+03,5.252201106679999612e+03,1.421613955640000171e+01,1.020000000000000000e+02,5.000000000000000000e+00,6.821282401090000315e-03,0.000000000000000000e+00,0.000000000000000000e+00
8.212000000000000000e+03,1.930000000000000000e+02,3.500000000000000000e+01,1.633000000000000000e+03,1.240058478729999933e+03,1.166844182809999886e+01,1.600000000000000000e+01,0.000000000000000000e+00,0.000000000000000000e+00,0.000000000000000000e+00,0.000000000000000000e+00
1.181200000000000000e+04,3.570000000000000000e+02,6.100000000000000000e+01,3.726000000000000000e+03,2.554162078169999859e+03,1.257931593760000055e+01,3.100000000000000000e+01,6.000000000000000000e+00,0.000000000000000000e+00,1.666666666670000019e-01,0.000000000000000000e+00
9.822000000000000000e+03,2.330000000000000000e+02,6.500000000000000000e+01,1.977000000000000000e+03,2.249761886589999904e+03,1.263820962660000013e+01,2.700000000000000000e+01,9.100000000000000000e+01,0.000000000000000000e+00,0.000000000000000000e+00,0.000000000000000000e+00
3.454000000000000000e+03,7.800000000000000000e+01,2.000000000000000000e+01,6.860000000000000000e+02,9.477023137050000514e+02,1.061286849730000093e+01,9.000000000000000000e+00,1.100000000000000000e+01,0.000000000000000000e+00,0.000000000000000000e+00,0.000000000000000000e+00
1.136400000000000000e+04,3.490000000000000000e+02,1.270000000000000000e+02,3.168000000000000000e+03,2.768549039689999972e+03,1.325384748499999965e+01,4.600000000000000000e+01,1.000000000000000000e+00,0.000000000000000000e+00,0.000000000000000000e+00,0.000000000000000000e+00
4.111700000000000000e+04,9.680000000000000000e+02,2.630000000000000000e+02,8.409000000000000000e+03,8.689019729300000108e+03,1.495560450480000014e+01,2.220000000000000000e+02,5.000000000000000000e+01,0.000000000000000000e+00,0.000000000000000000e+00,5.270270270270000168e+00
4.139000000000000000e+03,8.600000000000000000e+01,2.400000000000000000e+01,8.110000000000000000e+02,7.975765211699999782e+02,1.121977355089999939e+01,1.300000000000000000e+01,0.000000000000000000e+00,0.000000000000000000e+00,0.000000000000000000e+00,0.000000000000000000e+00
3.541600000000000000e+04,8.620000000000000000e+02,1.950000000000000000e+02,6.686000000000000000e+03,6.522402101769999717e+03,1.413931152279999992e+01,1.790000000000000000e+02,1.030000000000000000e+02,1.804812834220000106e-02,1.336898395719999947e-03,3.500000000000000000e+00
7.746000000000000000e+03,2.280000000000000000e+02,5.200000000000000000e+01,1.581000000000000000e+03,1.771487556580000046e+03,1.200632607849999900e+01,3.600000000000000000e+01,2.000000000000000000e+00,0.000000000000000000e+00,0.000000000000000000e+00,0.000000000000000000e+00
3.051100000000000000e+04,6.950000000000000000e+02,2.110000000000000000e+02,6.292000000000000000e+03,6.173984227689999898e+03,1.453132053460000073e+01,1.610000000000000000e+02,4.400000000000000000e+01,0.000000000000000000e+00,0.000000000000000000e+00,6.692913385799998949e-01
2.435100000000000000e+04,5.920000000000000000e+02,9.100000000000000000e+01,5.526000000000000000e+03,5.147317798899999616e+03,1.339981195930000091e+01,1.210000000000000000e+02,1.000000000000000000e+00,0.000000000000000000e+00,0.000000000000000000e+00,0.000000000000000000e+00
3.652700000000000000e+04,1.128000000000000000e+03,1.790000000000000000e+02,1.526100000000000000e+04,5.329835735280000335e+03,1.327343138349999840e+01,1.100000000000000000e+02,0.000000000000000000e+00,0.000000000000000000e+00,0.000000000000000000e+00,0.000000000000000000e+00
4.106000000000000000e+03,8.300000000000000000e+01,2.600000000000000000e+01,8.290000000000000000e+02,9.295765211699999782e+02,1.121977355089999939e+01,1.200000000000000000e+01,0.000000000000000000e+00,0.000000000000000000e+00,0.000000000000000000e+00,0.000000000000000000e+00
5.658100000000000000e+04,1.678000000000000000e+03,2.490000000000000000e+02,1.709200000000000000e+04,1.116604450949999955e+04,1.478302379570000014e+01,2.670000000000000000e+02,5.000000000000000000e+01,0.000000000000000000e+00,6.193228736580000393e-03,3.599999999999999645e+00
4.631300000000000000e+04,1.791000000000000000e+03,2.620000000000000000e+02,1.516100000000000000e+04,8.237835735280001245e+03,1.427343138349999840e+01,1.940000000000000000e+02,2.270000000000000000e+02,4.591368227730000299e-04,7.483930211200000293e-02,6.134969325150000340e-03
3.513000000000000000e+03,7.900000000000000000e+01,2.600000000000000000e+01,5.850000000000000000e+02,9.147023137050000514e+02,1.161286849730000093e+01,1.800000000000000000e+01,5.000000000000000000e+00,0.000000000000000000e+00,0.000000000000000000e+00,0.000000000000000000e+00
7.721000000000000000e+03,2.240000000000000000e+02,5.100000000000000000e+01,1.604000000000000000e+03,1.428487556580000046e+03,1.200632607849999900e+01,4.100000000000000000e+01,2.000000000000000000e+00,0.000000000000000000e+00,0.000000000000000000e+00,0.000000000000000000e+00
2.264400000000000000e+04,5.440000000000000000e+02,1.650000000000000000e+02,5.588000000000000000e+03,5.162317798899999616e+03,1.339981195930000091e+01,1.320000000000000000e+02,1.400000000000000000e+01,1.754385964909999790e-02,0.000000000000000000e+00,6.000000000000000000e+00
7.412000000000000000e+03,1.420000000000000000e+02,7.900000000000000000e+01,1.438000000000000000e+03,1.585822083430000021e+03,1.223062093309999909e+01,1.800000000000000000e+01,2.590000000000000000e+02,4.405286344000014509e-02,0.000000000000000000e+00,1.879999999999999716e+01
9.674000000000000000e+03,2.050000000000000000e+02,1.580000000000000000e+02,2.043000000000000000e+03,2.241761886589999904e+03,1.263820962660000013e+01,3.100000000000000000e+01,1.230000000000000000e+02,0.000000000000000000e+00,0.000000000000000000e+00,0.000000000000000000e+00
2.004000000000000000e+04,5.510000000000000000e+02,1.160000000000000000e+02,4.405000000000000000e+03,4.008305591710000044e+03,1.381878187230000066e+01,1.040000000000000000e+02,1.900000000000000000e+01,0.000000000000000000e+00,0.000000000000000000e+00,1.920000000000000040e-01
5.079400000000000000e+04,8.360000000000000000e+02,2.940000000000000000e+02,9.778000000000000000e+03,6.216413874230000147e+03,1.405430754130000182e+01,1.920000000000000000e+02,4.790000000000000000e+02,0.000000000000000000e+00,0.000000000000000000e+00,0.000000000000000000e+00
2.367000000000000000e+03,3.500000000000000000e+01,1.900000000000000000e+01,3.110000000000000000e+02,3.595125818630000367e+02,9.707359132080000563e+00,6.000000000000000000e+00,0.000000000000000000e+00,0.000000000000000000e+00,0.000000000000000000e+00,0.000000000000000000e+00
2.037000000000000000e+04,5.450000000000000000e+02,9.900000000000000000e+01,4.463000000000000000e+03,4.610305591710000044e+03,1.381878187230000066e+01,1.010000000000000000e+02,1.800000000000000000e+01,0.000000000000000000e+00,0.000000000000000000e+00,1.920000000000000040e-01
1.170700000000000000e+04,2.790000000000000000e+02,8.500000000000000000e+01,3.746000000000000000e+03,2.178162078169999859e+03,1.257931593760000055e+01,1.300000000000000000e+01,2.000000000000000000e+01,0.000000000000000000e+00,1.666666666670000019e-01,0.000000000000000000e+00
8.545000000000000000e+03,1.840000000000000000e+02,6.100000000000000000e+01,1.824000000000000000e+03,1.522023792790000016e+03,1.226795708440000077e+01,2.800000000000000000e+01,0.000000000000000000e+00,0.000000000000000000e+00,0.000000000000000000e+00,0.000000000000000000e+00
8.229000000000000000e+03,1.990000000000000000e+02,3.500000000000000000e+01,1.626000000000000000e+03,1.227058478729999933e+03,1.166844182809999886e+01,1.500000000000000000e+01,0.000000000000000000e+00,0.000000000000000000e+00,0.000000000000000000e+00,0.000000000000000000e+00
3.381000000000000000e+03,7.300000000000000000e+01,2.200000000000000000e+01,5.140000000000000000e+02,5.584977245149999590e+02,1.012928301690000055e+01,1.000000000000000000e+01,1.600000000000000000e+01,0.000000000000000000e+00,0.000000000000000000e+00,0.000000000000000000e+00
5.666700000000000000e+04,1.614000000000000000e+03,4.020000000000000000e+02,1.193900000000000000e+04,1.128204450949999955e+04,1.478302379570000014e+01,3.380000000000000000e+02,9.460000000000000000e+02,5.326176713459999934e-02,6.193228736580000393e-03,6.599999999999999645e+00
4.095000000000000000e+03,8.100000000000000000e+01,2.500000000000000000e+01,7.970000000000000000e+02,8.805765211699999782e+02,1.121977355089999939e+01,1.100000000000000000e+01,4.000000000000000000e+00,8.849557522120000963e-03,0.000000000000000000e+00,7.000000000000000000e+00
2.022900000000000000e+04,5.550000000000000000e+02,1.180000000000000000e+02,4.890000000000000000e+03,4.884615660569999818e+03,1.418827975199999969e+01,1.320000000000000000e+02,8.000000000000000000e+00,8.196721311479998606e-03,0.000000000000000000e+00,0.000000000000000000e+00
2.416500000000000000e+04,5.930000000000000000e+02,7.700000000000000000e+01,4.966000000000000000e+03,4.970201106679999612e+03,1.321613955640000171e+01,1.120000000000000000e+02,1.000000000000000000e+00,0.000000000000000000e+00,0.000000000000000000e+00,0.000000000000000000e+00
8.202000000000000000e+03,2.010000000000000000e+02,4.100000000000000000e+01,1.629000000000000000e+03,1.219058478729999933e+03,1.166844182809999886e+01,1.400000000000000000e+01,0.000000000000000000e+00,0.000000000000000000e+00,0.000000000000000000e+00,0.000000000000000000e+00
1.274200000000000000e+04,2.090000000000000000e+02,4.600000000000000000e+01,3.495000000000000000e+03,2.132162078169999859e+03,1.157931593760000055e+01,1.600000000000000000e+01,1.200000000000000000e+01,0.000000000000000000e+00,0.000000000000000000e+00,0.000000000000000000e+00
9.730000000000000000e+03,2.510000000000000000e+02,2.700000000000000000e+01,2.044000000000000000e+03,2.343761886589999904e+03,1.263820962660000013e+01,2.600000000000000000e+01,1.180000000000000000e+02,0.000000000000000000e+00,0.000000000000000000e+00,7.159090909099998790e-01
3.508000000000000000e+03,7.800000000000000000e+01,2.600000000000000000e+01,5.930000000000000000e+02,9.337023137050000514e+02,1.061286849730000093e+01,1.300000000000000000e+01,1.400000000000000000e+01,0.000000000000000000e+00,0.000000000000000000e+00,0.000000000000000000e+00
1.156300000000000000e+04,4.260000000000000000e+02,7.800000000000000000e+01,3.131000000000000000e+03,2.561549039689999972e+03,1.325384748499999965e+01,5.800000000000000000e+01,0.000000000000000000e+00,0.000000000000000000e+00,0.000000000000000000e+00,0.000000000000000000e+00
4.213200000000000000e+04,1.023000000000000000e+03,1.630000000000000000e+02,8.175000000000000000e+03,8.966019729300000108e+03,1.495560450480000014e+01,2.210000000000000000e+02,3.690000000000000000e+02,0.000000000000000000e+00,0.000000000000000000e+00,2.702702702700001680e-01
4.115000000000000000e+03,8.400000000000000000e+01,3.000000000000000000e+01,8.080000000000000000e+02,8.205765211699999782e+02,1.121977355089999939e+01,1.900000000000000000e+01,0.000000000000000000e+00,0.000000000000000000e+00,0.000000000000000000e+00,0.000000000000000000e+00
3.150300000000000000e+04,8.350000000000000000e+02,1.830000000000000000e+02,7.390000000000000000e+03,8.216402101769999717e+03,1.413931152279999992e+01,1.920000000000000000e+02,8.100000000000000000e+01,1.804812834220000106e-02,1.336898395719999947e-03,1.500000000000000000e+00
7.739000000000000000e+03,2.000000000000000000e+02,3.100000000000000000e+01,1.591000000000000000e+03,1.382487556580000046e+03,1.100632607849999900e+01,1.400000000000000000e+01,3.000000000000000000e+00,0.000000000000000000e+00,0.000000000000000000e+00,0.000000000000000000e+00
3.123000000000000000e+04,1.022000000000000000e+03,7.200000000000000000e+01,6.360000000000000000e+03,5.667984227689999898e+03,1.353132053460000073e+01,2.040000000000000000e+02,1.660000000000000000e+02,0.000000000000000000e+00,0.000000000000000000e+00,6.692913385799998949e-01
2.228700000000000000e+04,5.940000000000000000e+02,9.300000000000000000e+01,5.097000000000000000e+03,4.695317798899999616e+03,1.339981195930000091e+01,1.690000000000000000e+02,8.000000000000000000e+00,0.000000000000000000e+00,0.000000000000000000e+00,0.000000000000000000e+00
5.785100000000000000e+04,1.679000000000000000e+03,4.230000000000000000e+02,1.394800000000000000e+04,1.060383573528000124e+04,1.427343138349999840e+01,2.280000000000000000e+02,1.540000000000000000e+02,4.591368227730000299e-04,0.000000000000000000e+00,6.134969325150000340e-03
4.098000000000000000e+03,8.900000000000000000e+01,2.400000000000000000e+01,7.690000000000000000e+02,8.825765211699999782e+02,1.121977355089999939e+01,1.000000000000000000e+01,8.000000000000000000e+00,8.849557522120000963e-03,0.000000000000000000e+00,5.000000000000000000e+00
6.304100000000000000e+04,1.211000000000000000e+03,2.530000000000000000e+02,1.304100000000000000e+04,1.162904450949999955e+04,1.478302379570000014e+01,1.910000000000000000e+02,1.900000000000000000e+01,0.000000000000000000e+00,0.000000000000000000e+00,6.599999999999999645e+00
2.858900000000000000e+04,1.689000000000000000e+03,1.400000000000000000e+02,1.638600000000000000e+04,5.015835735280000335e+03,1.327343138349999840e+01,1.100000000000000000e+02,0.000000000000000000e+00,0.000000000000000000e+00,0.000000000000000000e+00,0.000000000000000000e+00
3.509000000000000000e+03,7.800000000000000000e+01,2.600000000000000000e+01,6.450000000000000000e+02,9.227023137050000514e+02,1.061286849730000093e+01,1.300000000000000000e+01,1.300000000000000000e+01,0.000000000000000000e+00,0.000000000000000000e+00,0.000000000000000000e+00
7.736000000000000000e+03,2.020000000000000000e+02,3.100000000000000000e+01,1.487000000000000000e+03,1.411487556580000046e+03,1.100632607849999900e+01,1.400000000000000000e+01,2.000000000000000000e+00,0.000000000000000000e+00,0.000000000000000000e+00,0.000000000000000000e+00
2.425500000000000000e+04,5.660000000000000000e+02,9.700000000000000000e+01,5.588000000000000000e+03,5.051317798899999616e+03,1.339981195930000091e+01,1.210000000000000000e+02,2.000000000000000000e+00,0.000000000000000000e+00,0.000000000000000000e+00,0.000000000000000000e+00
7.578000000000000000e+03,1.610000000000000000e+02,3.800000000000000000e+01,1.638000000000000000e+03,1.538822083430000021e+03,1.123062093309999909e+01,1.400000000000000000e+01,9.400000000000000000e+01,1.044052863440000145e+00,2.202643171809999870e-02,5.679999999999999716e+01
9.808000000000000000e+03,3.080000000000000000e+02,3.400000000000000000e+01,2.111000000000000000e+03,2.265761886589999904e+03,1.263820962660000013e+01,4.700000000000000000e+01,4.300000000000000000e+01,0.000000000000000000e+00,0.000000000000000000e+00,7.159090909099998790e-01
2.027500000000000000e+04,5.510000000000000000e+02,9.700000000000000000e+01,4.350000000000000000e+03,3.959305591710000044e+03,1.381878187230000066e+01,1.040000000000000000e+02,1.200000000000000000e+01,0.000000000000000000e+00,0.000000000000000000e+00,1.920000000000000040e-01
5.020100000000000000e+04,1.512000000000000000e+03,2.480000000000000000e+02,1.188900000000000000e+04,9.557413874230000147e+03,1.405430754130000182e+01,2.210000000000000000e+02,6.200000000000000000e+01,0.000000000000000000e+00,0.000000000000000000e+00,3.480492813100000138e-01
2.445000000000000000e+03,3.500000000000000000e+01,2.000000000000000000e+01,3.140000000000000000e+02,3.665125818630000367e+02,9.707359132080000563e+00,7.000000000000000000e+00,0.000000000000000000e+00,0.000000000000000000e+00,0.000000000000000000e+00,0.000000000000000000e+00
2.069100000000000000e+04,5.440000000000000000e+02,7.900000000000000000e+01,4.652000000000000000e+03,3.794305591710000044e+03,1.281878187230000066e+01,9.000000000000000000e+01,1.100000000000000000e+01,0.000000000000000000e+00,0.000000000000000000e+00,1.920000000000000040e-01
1.191900000000000000e+04,2.360000000000000000e+02,4.500000000000000000e+01,3.731000000000000000e+03,2.413162078169999859e+03,1.257931593760000055e+01,2.800000000000000000e+01,1.500000000000000000e+01,0.000000000000000000e+00,1.666666666670000019e-01,0.000000000000000000e+00
8.577000000000000000e+03,2.270000000000000000e+02,2.300000000000000000e+01,2.044000000000000000e+03,1.591023792790000016e+03,1.126795708440000077e+01,1.400000000000000000e+01,3.000000000000000000e+00,0.000000000000000000e+00,0.000000000000000000e+00,0.000000000000000000e+00
8.185000000000000000e+03,1.740000000000000000e+02,4.100000000000000000e+01,1.445000000000000000e+03,1.278058478729999933e+03,1.166844182809999886e+01,1.900000000000000000e+01,0.000000000000000000e+00,0.000000000000000000e+00,0.000000000000000000e+00,0.000000000000000000e+00
3.423000000000000000e+03,7.300000000000000000e+01,2.800000000000000000e+01,5.250000000000000000e+02,5.704977245149999590e+02,1.012928301690000055e+01,8.000000000000000000e+00,6.000000000000000000e+00,0.000000000000000000e+00,0.000000000000000000e+00,0.000000000000000000e+00
5.853600000000000000e+04,1.729000000000000000e+03,4.100000000000000000e+02,1.789200000000000000e+04,1.175804450949999955e+04,1.478302379570000014e+01,1.120000000000000000e+02,1.200000000000000000e+01,0.000000000000000000e+00,6.193228736580000393e-03,7.599999999999999645e+00
4.118000000000000000e+03,1.030000000000000000e+02,2.400000000000000000e+01,7.970000000000000000e+02,8.175765211699999782e+02,1.121977355089999939e+01,2.200000000000000000e+01,0.000000000000000000e+00,0.000000000000000000e+00,0.000000000000000000e+00,0.000000000000000000e+00
2.012700000000000000e+04,6.030000000000000000e+02,8.700000000000000000e+01,4.632000000000000000e+03,3.960615660569999818e+03,1.318827975199999969e+01,1.050000000000000000e+02,1.000000000000000000e+00,0.000000000000000000e+00,0.000000000000000000e+00,0.000000000000000000e+00
2.395000000000000000e+04,5.930000000000000000e+02,7.600000000000000000e+01,4.919000000000000000e+03,5.068201106679999612e+03,1.321613955640000171e+01,1.110000000000000000e+02,2.000000000000000000e+00,0.000000000000000000e+00,0.000000000000000000e+00,0.000000000000000000e+00
8.173000000000000000e+03,1.550000000000000000e+02,4.000000000000000000e+01,1.539000000000000000e+03,1.347058478729999933e+03,1.166844182809999886e+01,2.500000000000000000e+01,0.000000000000000000e+00,0.000000000000000000e+00,0.000000000000000000e+00,0.000000000000000000e+00
1.257400000000000000e+04,2.240000000000000000e+02,5.100000000000000000e+01,3.168000000000000000e+03,2.137162078169999859e+03,1.157931593760000055e+01,1.300000000000000000e+01,1.400000000000000000e+01,0.000000000000000000e+00,0.000000000000000000e+00,0.000000000000000000e+00
9.785000000000000000e+03,2.780000000000000000e+02,3.200000000000000000e+01,2.108000000000000000e+03,2.209761886589999904e+03,1.263820962660000013e+01,2.800000000000000000e+01,4.200000000000000000e+01,0.000000000000000000e+00,0.000000000000000000e+00,7.159090909099998790e-01
3.446000000000000000e+03,7.600000000000000000e+01,2.400000000000000000e+01,6.600000000000000000e+02,8.947023137050000514e+02,1.061286849730000093e+01,1.300000000000000000e+01,1.600000000000000000e+01,0.000000000000000000e+00,0.000000000000000000e+00,0.000000000000000000e+00
1.133900000000000000e+04,3.310000000000000000e+02,1.380000000000000000e+02,3.568000000000000000e+03,2.773549039689999972e+03,1.325384748499999965e+01,5.700000000000000000e+01,0.000000000000000000e+00,0.000000000000000000e+00,0.000000000000000000e+00,0.000000000000000000e+00
4.276200000000000000e+04,1.031000000000000000e+03,1.870000000000000000e+02,8.158000000000000000e+03,9.074019729300000108e+03,1.495560450480000014e+01,2.150000000000000000e+02,1.130000000000000000e+02,0.000000000000000000e+00,0.000000000000000000e+00,2.702702702700001680e-01
4.101000000000000000e+03,8.900000000000000000e+01,2.200000000000000000e+01,7.800000000000000000e+02,8.565765211699999782e+02,1.121977355089999939e+01,1.000000000000000000e+01,1.000000000000000000e+00,8.849557522120000963e-03,0.000000000000000000e+00,0.000000000000000000e+00
3.968100000000000000e+04,1.054000000000000000e+03,2.030000000000000000e+02,8.719000000000000000e+03,8.556402101769999717e+03,1.413931152279999992e+01,1.360000000000000000e+02,2.630000000000000000e+02,1.804812834220000106e-02,1.336898395719999947e-03,5.000000000000000000e-01
7.684000000000000000e+03,2.030000000000000000e+02,3.100000000000000000e+01,1.492000000000000000e+03,1.418487556580000046e+03,1.100632607849999900e+01,1.400000000000000000e+01,2.000000000000000000e+00,0.000000000000000000e+00,0.000000000000000000e+00,0.000000000000000000e+00
3.123400000000000000e+04,8.880000000000000000e+02,1.390000000000000000e+02,6.355000000000000000e+03,5.391984227689999898e+03,1.353132053460000073e+01,1.880000000000000000e+02,2.100000000000000000e+02,0.000000000000000000e+00,0.000000000000000000e+00,6.692913385799998949e-01
2.303900000000000000e+04,5.000000000000000000e+02,1.360000000000000000e+02,5.363000000000000000e+03,5.206317798899999616e+03,1.339981195930000091e+01,1.230000000000000000e+02,2.600000000000000000e+01,1.754385964909999790e-02,0.000000000000000000e+00,1.000000000000000000e+00
5.911100000000000000e+04,1.904000000000000000e+03,3.460000000000000000e+02,1.577700000000000000e+04,5.914835735280000335e+03,1.427343138349999840e+01,2.910000000000000000e+02,7.700000000000000000e+01,4.591368227730000299e-04,0.000000000000000000e+00,7.006134969325150230e+00
4.098000000000000000e+03,1.020000000000000000e+02,2.800000000000000000e+01,8.060000000000000000e+02,8.255765211699999782e+02,1.121977355089999939e+01,2.300000000000000000e+01,0.000000000000000000e+00,0.000000000000000000e+00,0.000000000000000000e+00,0.000000000000000000e+00
5.985200000000000000e+04,1.341000000000000000e+03,3.950000000000000000e+02,7.884000000000000000e+03,7.465044509499999549e+03,1.478302379570000014e+01,2.430000000000000000e+02,3.500000000000000000e+01,0.000000000000000000e+00,0.000000000000000000e+00,6.599999999999999645e+00
4.666400000000000000e+04,1.440000000000000000e+03,2.800000000000000000e+02,1.439100000000000000e+04,7.906835735280000335e+03,1.427343138349999840e+01,1.720000000000000000e+02,2.790000000000000000e+02,4.591368227730000299e-04,7.483930211200000293e-02,6.134969325150000340e-03
3.513000000000000000e+03,8.000000000000000000e+01,2.600000000000000000e+01,6.990000000000000000e+02,9.107023137050000514e+02,1.161286849730000093e+01,1.600000000000000000e+01,7.000000000000000000e+00,0.000000000000000000e+00,0.000000000000000000e+00,0.000000000000000000e+00
7.736000000000000000e+03,2.360000000000000000e+02,3.300000000000000000e+01,1.737000000000000000e+03,1.629487556580000046e+03,1.200632607849999900e+01,3.300000000000000000e+01,3.000000000000000000e+00,0.000000000000000000e+00,0.000000000000000000e+00,0.000000000000000000e+00
2.368000000000000000e+04,5.860000000000000000e+02,8.200000000000000000e+01,5.560000000000000000e+03,4.879317798899999616e+03,1.339981195930000091e+01,1.310000000000000000e+02,1.200000000000000000e+01,0.000000000000000000e+00,0.000000000000000000e+00,0.000000000000000000e+00
7.598000000000000000e+03,1.650000000000000000e+02,3.700000000000000000e+01,1.641000000000000000e+03,1.541822083430000021e+03,1.123062093309999909e+01,1.400000000000000000e+01,3.430000000000000000e+02,4.405286344000014509e-02,2.202643171809999870e-02,6.779999999999999716e+01
9.832000000000000000e+03,2.720000000000000000e+02,3.500000000000000000e+01,2.116000000000000000e+03,2.209761886589999904e+03,1.263820962660000013e+01,3.700000000000000000e+01,9.300000000000000000e+01,0.000000000000000000e+00,0.000000000000000000e+00,7.159090909099998790e-01
2.067500000000000000e+04,1.171000000000000000e+03,6.800000000000000000e+01,4.664000000000000000e+03,3.618305591710000044e+03,1.281878187230000066e+01,3.200000000000000000e+02,2.200000000000000000e+01,0.000000000000000000e+00,0.000000000000000000e+00,0.000000000000000000e+00
5.202100000000000000e+04,1.600000000000000000e+03,2.600000000000000000e+02,1.794000000000000000e+04,7.996413874230000147e+03,1.405430754130000182e+01,1.520000000000000000e+02,1.460000000000000000e+02,0.000000000000000000e+00,0.000000000000000000e+00,3.480492813100000138e-01
2.471000000000000000e+03,2.900000000000000000e+01,2.500000000000000000e+01,3.340000000000000000e+02,3.775125818630000367e+02,9.707359132080000563e+00,5.000000000000000000e+00,0.000000000000000000e+00,0.000000000000000000e+00,0.000000000000000000e+00,0.000000000000000000e+00
2.071300000000000000e+04,5.460000000000000000e+02,8.500000000000000000e+01,5.070000000000000000e+03,3.988305591710000044e+03,1.281878187230000066e+01,1.030000000000000000e+02,2.100000000000000000e+01,0.000000000000000000e+00,0.000000000000000000e+00,1.920000000000000040e-01
1.256100000000000000e+04,2.810000000000000000e+02,5.200000000000000000e+01,3.672000000000000000e+03,2.139162078169999859e+03,1.157931593760000055e+01,1.400000000000000000e+01,3.000000000000000000e+00,0.000000000000000000e+00,0.000000000000000000e+00,0.000000000000000000e+00
8.581000000000000000e+03,1.900000000000000000e+02,2.300000000000000000e+01,1.897000000000000000e+03,1.591023792790000016e+03,1.126795708440000077e+01,1.500000000000000000e+01,3.000000000000000000e+00,0.000000000000000000e+00,0.000000000000000000e+00,0.000000000000000000e+00
8.222000000000000000e+03,1.500000000000000000e+02,4.100000000000000000e+01,1.636000000000000000e+03,1.636058478729999933e+03,1.166844182809999886e+01,1.900000000000000000e+01,0.000000000000000000e+00,0.000000000000000000e+00,0.000000000000000000e+00,0.000000000000000000e+00
3.380000000000000000e+03,8.000000000000000000e+01,2.400000000000000000e+01,5.950000000000000000e+02,6.554977245149999590e+02,1.012928301690000055e+01,8.000000000000000000e+00,1.400000000000000000e+01,0.000000000000000000e+00,0.000000000000000000e+00,0.000000000000000000e+00
4.121500000000000000e+04,1.387000000000000000e+03,3.760000000000000000e+02,7.540000000000000000e+03,7.494044509499999549e+03,1.478302379570000014e+01,3.310000000000000000e+02,9.600000000000000000e+01,0.000000000000000000e+00,0.000000000000000000e+00,6.599999999999999645e+00
4.104000000000000000e+03,8.900000000000000000e+01,2.400000000000000000e+01,8.710000000000000000e+02,8.945765211699999782e+02,1.121977355089999939e+01,1.200000000000000000e+01,0.000000000000000000e+00,0.000000000000000000e+00,0.000000000000000000e+00,0.000000000000000000e+00
2.105200000000000000e+04,5.590000000000000000e+02,1.080000000000000000e+02,5.500000000000000000e+03,5.120615660569999818e+03,1.418827975199999969e+01,1.250000000000000000e+02,1.200000000000000000e+01,8.196721311479998606e-03,0.000000000000000000e+00,0.000000000000000000e+00
2.367200000000000000e+04,5.710000000000000000e+02,1.250000000000000000e+02,4.600000000000000000e+03,5.295201106679999612e+03,1.421613955640000171e+01,1.010000000000000000e+02,2.400000000000000000e+01,6.821282401090000315e-03,0.000000000000000000e+00,0.000000000000000000e+00
8.287000000000000000e+03,2.190000000000000000e+02,4.600000000000000000e+01,1.695000000000000000e+03,1.466058478729999933e+03,1.166844182809999886e+01,2.800000000000000000e+01,0.000000000000000000e+00,0.000000000000000000e+00,0.000000000000000000e+00,0.000000000000000000e+00
1.283300000000000000e+04,2.370000000000000000e+02,5.000000000000000000e+01,3.326000000000000000e+03,2.138162078169999859e+03,1.157931593760000055e+01,1.500000000000000000e+01,1.100000000000000000e+01,0.000000000000000000e+00,0.000000000000000000e+00,0.000000000000000000e+00
9.783000000000000000e+03,2.250000000000000000e+02,1.320000000000000000e+02,2.005000000000000000e+03,2.217761886589999904e+03,1.263820962660000013e+01,2.300000000000000000e+01,1.420000000000000000e+02,0.000000000000000000e+00,0.000000000000000000e+00,7.159090909099998790e-01
3.450000000000000000e+03,7.800000000000000000e+01,2.400000000000000000e+01,6.840000000000000000e+02,8.917023137050000514e+02,1.061286849730000093e+01,1.300000000000000000e+01,1.600000000000000000e+01,0.000000000000000000e+00,0.000000000000000000e+00,0.000000000000000000e+00
1.156800000000000000e+04,4.500000000000000000e+02,7.700000000000000000e+01,3.474000000000000000e+03,2.660549039689999972e+03,1.325384748499999965e+01,7.300000000000000000e+01,0.000000000000000000e+00,0.000000000000000000e+00,0.000000000000000000e+00,0.000000000000000000e+00
4.126300000000000000e+04,1.003000000000000000e+03,2.620000000000000000e+02,8.358000000000000000e+03,8.790019729300000108e+03,1.495560450480000014e+01,2.210000000000000000e+02,1.260000000000000000e+02,0.000000000000000000e+00,0.000000000000000000e+00,1.227027027027000017e+01
4.129000000000000000e+03,8.300000000000000000e+01,2.700000000000000000e+01,8.050000000000000000e+02,8.365765211699999782e+02,1.121977355089999939e+01,1.500000000000000000e+01,0.000000000000000000e+00,0.000000000000000000e+00,0.000000000000000000e+00,0.000000000000000000e+00
3.983300000000000000e+04,1.055000000000000000e+03,2.350000000000000000e+02,8.717000000000000000e+03,7.326402101769999717e+03,1.413931152279999992e+01,1.750000000000000000e+02,1.880000000000000000e+02,1.804812834220000106e-02,1.336898395719999947e-03,5.500000000000000000e+00
7.746000000000000000e+03,1.960000000000000000e+02,3.700000000000000000e+01,1.605000000000000000e+03,1.519487556580000046e+03,1.200632607849999900e+01,3.200000000000000000e+01,3.000000000000000000e+00,0.000000000000000000e+00,0.000000000000000000e+00,0.000000000000000000e+00
3.057400000000000000e+04,8.550000000000000000e+02,1.750000000000000000e+02,6.680000000000000000e+03,5.990984227689999898e+03,1.353132053460000073e+01,1.700000000000000000e+02,2.200000000000000000e+01,0.000000000000000000e+00,0.000000000000000000e+00,6.692913385799998949e-01
2.313700000000000000e+04,5.380000000000000000e+02,1.630000000000000000e+02,5.073000000000000000e+03,5.164317798899999616e+03,1.339981195930000091e+01,1.210000000000000000e+02,4.200000000000000000e+01,1.754385964909999790e-02,0.000000000000000000e+00,1.000000000000000000e+00
4.537600000000000000e+04,1.420000000000000000e+03,3.130000000000000000e+02,1.124100000000000000e+04,7.603835735280000335e+03,1.427343138349999840e+01,1.930000000000000000e+02,2.730000000000000000e+02,4.591368227730000299e-04,7.483930211200000293e-02,6.134969325150000340e-03
4.089000000000000000e+03,9.100000000000000000e+01,2.200000000000000000e+01,8.720000000000000000e+02,9.355765211699999782e+02,1.121977355089999939e+01,1.300000000000000000e+01,0.000000000000000000e+00,0.000000000000000000e+00,0.000000000000000000e+00,0.000000000000000000e+00
5.970800000000000000e+04,1.621000000000000000e+03,3.800000000000000000e+02,1.255600000000000000e+04,1.053104450949999955e+04,1.478302379570000014e+01,3.300000000000000000e+02,8.730000000000000000e+02,5.326176713459999934e-02,6.193228736580000393e-03,4.599999999999999645e+00
4.795900000000000000e+04,1.587000000000000000e+03,2.580000000000000000e+02,1.270500000000000000e+04,7.623835735280000335e+03,1.427343138349999840e+01,1.770000000000000000e+02,1.290000000000000000e+02,4.591368227730000299e-04,7.483930211200000293e-02,1.006134969325150008e+00
3.460000000000000000e+03,7.800000000000000000e+01,1.800000000000000000e+01,5.960000000000000000e+02,8.977023137050000514e+02,1.061286849730000093e+01,8.000000000000000000e+00,9.000000000000000000e+00,0.000000000000000000e+00,0.000000000000000000e+00,0.000000000000000000e+00
7.740000000000000000e+03,1.920000000000000000e+02,3.700000000000000000e+01,1.689000000000000000e+03,1.964487556580000046e+03,1.200632607849999900e+01,3.500000000000000000e+01,1.000000000000000000e+00,0.000000000000000000e+00,0.000000000000000000e+00,0.000000000000000000e+00
2.316200000000000000e+04,5.770000000000000000e+02,8.800000000000000000e+01,5.583000000000000000e+03,4.885317798899999616e+03,1.339981195930000091e+01,1.240000000000000000e+02,3.000000000000000000e+00,0.000000000000000000e+00,0.000000000000000000e+00,0.000000000000000000e+00
7.602000000000000000e+03,1.470000000000000000e+02,6.600000000000000000e+01,1.439000000000000000e+03,1.567822083430000021e+03,1.223062093309999909e+01,1.800000000000000000e+01,1.760000000000000000e+02,1.044052863440000145e+00,0.000000000000000000e+00,3.679999999999999716e+01
9.722000000000000000e+03,2.220000000000000000e+02,1.580000000000000000e+02,1.909000000000000000e+03,2.249761886589999904e+03,1.263820962660000013e+01,2.400000000000000000e+01,3.700000000000000000e+01,0.000000000000000000e+00,0.000000000000000000e+00,0.000000000000000000e+00
2.110300000000000000e+04,6.850000000000000000e+02,7.500000000000000000e+01,4.379000000000000000e+03,3.623305591710000044e+03,1.281878187230000066e+01,2.720000000000000000e+02,1.000000000000000000e+00,0.000000000000000000e+00,0.000000000000000000e+00,0.000000000000000000e+00
5.324900000000000000e+04,1.518000000000000000e+03,3.360000000000000000e+02,1.102300000000000000e+04,1.121741387423000015e+04,1.505430754130000182e+01,3.190000000000000000e+02,8.340000000000000000e+02,0.000000000000000000e+00,0.000000000000000000e+00,3.348049281309999792e+00
2.441000000000000000e+03,4.300000000000000000e+01,2.700000000000000000e+01,3.270000000000000000e+02,3.785125818630000367e+02,9.707359132080000563e+00,7.000000000000000000e+00,0.000000000000000000e+00,0.000000000000000000e+00,0.000000000000000000e+00,0.000000000000000000e+00
2.026300000000000000e+04,5.380000000000000000e+02,1.080000000000000000e+02,4.417000000000000000e+03,3.925305591710000044e+03,1.381878187230000066e+01,1.030000000000000000e+02,1.100000000000000000e+01,0.000000000000000000e+00,0.000000000000000000e+00,1.920000000000000040e-01
1.220300000000000000e+04,4.260000000000000000e+02,4.500000000000000000e+01,3.041000000000000000e+03,2.506162078169999859e+03,1.257931593760000055e+01,2.600000000000000000e+01,8.000000000000000000e+00,0.000000000000000000e+00,0.000000000000000000e+00,0.000000000000000000e+00
8.535000000000000000e+03,1.880000000000000000e+02,2.300000000000000000e+01,1.883000000000000000e+03,1.702023792790000016e+03,1.226795708440000077e+01,1.700000000000000000e+01,0.000000000000000000e+00,0.000000000000000000e+00,0.000000000000000000e+00,0.000000000000000000e+00
8.399000000000000000e+03,2.220000000000000000e+02,5.600000000000000000e+01,1.671000000000000000e+03,1.504058478729999933e+03,1.166844182809999886e+01,1.900000000000000000e+01,0.000000000000000000e+00,0.000000000000000000e+00,0.000000000000000000e+00,0.000000000000000000e+00
3.450000000000000000e+03,7.300000000000000000e+01,2.900000000000000000e+01,6.120000000000000000e+02,6.174977245149999590e+02,1.012928301690000055e+01,1.100000000000000000e+01,1.300000000000000000e+01,0.000000000000000000e+00,0.000000000000000000e+00,0.000000000000000000e+00
4.014700000000000000e+04,7.920000000000000000e+02,2.600000000000000000e+02,5.475000000000000000e+03,1.102404450949999955e+04,1.378302379570000014e+01,1.820000000000000000e+02,6.800000000000000000e+01,0.000000000000000000e+00,0.000000000000000000e+00,5.999999999999996447e-01
4.140000000000000000e+03,8.800000000000000000e+01,2.400000000000000000e+01,8.220000000000000000e+02,8.275765211699999782e+02,1.121977355089999939e+01,2.600000000000000000e+01,0.000000000000000000e+00,0.000000000000000000e+00,0.000000000000000000e+00,0.000000000000000000e+00
1.975500000000000000e+04,6.020000000000000000e+02,7.700000000000000000e+01,4.635000000000000000e+03,4.521615660569999818e+03,1.318827975199999969e+01,1.100000000000000000e+02,4.000000000000000000e+00,0.000000000000000000e+00,0.000000000000000000e+00,0.000000000000000000e+00
2.382400000000000000e+04,5.930000000000000000e+02,7.400000000000000000e+01,5.111000000000000000e+03,5.040201106679999612e+03,1.321613955640000171e+01,1.130000000000000000e+02,3.000000000000000000e+00,0.000000000000000000e+00,0.000000000000000000e+00,0.000000000000000000e+00
8.212000000000000000e+03,1.880000000000000000e+02,3.400000000000000000e+01,1.636000000000000000e+03,1.249058478729999933e+03,1.166844182809999886e+01,1.700000000000000000e+01,0.000000000000000000e+00,0.000000000000000000e+00,0.000000000000000000e+00,0.000000000000000000e+00
1.189100000000000000e+04,2.410000000000000000e+02,9.100000000000000000e+01,3.710000000000000000e+03,2.394162078169999859e+03,1.257931593760000055e+01,1.500000000000000000e+01,1.300000000000000000e+01,0.000000000000000000e+00,1.666666666670000019e-01,0.000000000000000000e+00
9.841000000000000000e+03,1.760000000000000000e+02,5.200000000000000000e+01,1.931000000000000000e+03,2.247761886589999904e+03,1.263820962660000013e+01,3.200000000000000000e+01,5.600000000000000000e+01,0.000000000000000000e+00,0.000000000000000000e+00,0.000000000000000000e+00
3.484000000000000000e+03,7.600000000000000000e+01,2.400000000000000000e+01,5.710000000000000000e+02,9.127023137050000514e+02,1.061286849730000093e+01,1.300000000000000000e+01,1.600000000000000000e+01,0.000000000000000000e+00,0.000000000000000000e+00,0.000000000000000000e+00
1.149400000000000000e+04,4.600000000000000000e+02,1.100000000000000000e+02,3.595000000000000000e+03,2.602549039689999972e+03,1.225384748499999965e+01,7.200000000000000000e+01,0.000000000000000000e+00,0.000000000000000000e+00,0.000000000000000000e+00,0.000000000000000000e+00
4.406600000000000000e+04,1.124000000000000000e+03,3.200000000000000000e+02,8.578000000000000000e+03,8.648019729300000108e+03,1.495560450480000014e+01,2.230000000000000000e+02,3.110000000000000000e+02,0.000000000000000000e+00,0.000000000000000000e+00,3.270270270270000168e+00
4.131000000000000000e+03,8.300000000000000000e+01,2.700000000000000000e+01,8.120000000000000000e+02,8.435765211699999782e+02,1.121977355089999939e+01,1.900000000000000000e+01,0.000000000000000000e+00,0.000000000000000000e+00,0.000000000000000000e+00,0.000000000000000000e+00
3.966500000000000000e+04,1.055000000000000000e+03,2.530000000000000000e+02,8.741000000000000000e+03,8.215402101769999717e+03,1.413931152279999992e+01,1.770000000000000000e+02,1.320000000000000000e+02,1.804812834220000106e-02,1.336898395719999947e-03,2.500000000000000000e+00
7.833000000000000000e+03,1.880000000000000000e+02,5.500000000000000000e+01,1.358000000000000000e+03,1.475487556580000046e+03,1.200632607849999900e+01,1.400000000000000000e+01,0.000000000000000000e+00,0.000000000000000000e+00,0.000000000000000000e+00,0.000000000000000000e+00
3.018000000000000000e+04,8.330000000000000000e+02,1.770000000000000000e+02,6.694000000000000000e+03,5.969984227689999898e+03,1.353132053460000073e+01,1.750000000000000000e+02,9.800000000000000000e+01,0.000000000000000000e+00,0.000000000000000000e+00,6.692913385799998949e-01
2.231900000000000000e+04,5.810000000000000000e+02,9.200000000000000000e+01,4.658000000000000000e+03,3.895317798899999616e+03,1.339981195930000091e+01,1.500000000000000000e+02,6.000000000000000000e+00,0.000000000000000000e+00,0.000000000000000000e+00,0.000000000000000000e+00
4.653100000000000000e+04,1.510000000000000000e+03,2.030000000000000000e+02,6.057000000000000000e+03,4.850835735280000335e+03,1.327343138349999840e+01,1.100000000000000000e+02,0.000000000000000000e+00,0.000000000000000000e+00,0.000000000000000000e+00,0.000000000000000000e+00
4.114000000000000000e+03,8.200000000000000000e+01,2.600000000000000000e+01,8.210000000000000000e+02,7.755765211699999782e+02,1.121977355089999939e+01,1.900000000000000000e+01,0.000000000000000000e+00,0.000000000000000000e+00,0.000000000000000000e+00,0.000000000000000000e+00
6.335900000000000000e+04,5.990000000000000000e+02,1.870000000000000000e+02,1.095700000000000000e+04,6.771044509499999549e+03,1.478302379570000014e+01,2.600000000000000000e+02,3.300000000000000000e+01,0.000000000000000000e+00,0.000000000000000000e+00,3.599999999999999645e+00
3.330800000000000000e+04,6.730000000000000000e+02,2.380000000000000000e+02,1.167500000000000000e+04,5.111835735280000335e+03,1.327343138349999840e+01,1.100000000000000000e+02,0.000000000000000000e+00,0.000000000000000000e+00,0.000000000000000000e+00,0.000000000000000000e+00
3.522000000000000000e+03,7.900000000000000000e+01,2.600000000000000000e+01,6.460000000000000000e+02,9.467023137050000514e+02,1.161286849730000093e+01,1.800000000000000000e+01,1.200000000000000000e+01,0.000000000000000000e+00,0.000000000000000000e+00,0.000000000000000000e+00
7.760000000000000000e+03,1.850000000000000000e+02,3.900000000000000000e+01,1.298000000000000000e+03,1.459487556580000046e+03,1.200632607849999900e+01,2.100000000000000000e+01,1.000000000000000000e+00,0.000000000000000000e+00,0.000000000000000000e+00,0.000000000000000000e+00
2.261800000000000000e+04,5.300000000000000000e+02,1.190000000000000000e+02,5.514000000000000000e+03,5.211317798899999616e+03,1.339981195930000091e+01,1.020000000000000000e+02,3.700000000000000000e+01,1.754385964909999790e-02,0.000000000000000000e+00,6.000000000000000000e+00
7.682000000000000000e+03,1.720000000000000000e+02,3.200000000000000000e+01,1.551000000000000000e+03,1.432822083430000021e+03,1.123062093309999909e+01,1.400000000000000000e+01,3.340000000000000000e+02,1.044052863440000145e+00,0.000000000000000000e+00,1.079999999999999716e+01
9.846000000000000000e+03,2.320000000000000000e+02,5.900000000000000000e+01,2.026000000000000000e+03,2.245761886589999904e+03,1.263820962660000013e+01,3.100000000000000000e+01,1.200000000000000000e+02,0.000000000000000000e+00,0.000000000000000000e+00,7.159090909099998790e-01
2.060900000000000000e+04,6.280000000000000000e+02,7.500000000000000000e+01,4.825000000000000000e+03,3.966305591710000044e+03,1.281878187230000066e+01,9.700000000000000000e+01,1.800000000000000000e+01,0.000000000000000000e+00,0.000000000000000000e+00,1.920000000000000040e-01
5.103200000000000000e+04,1.898000000000000000e+03,3.120000000000000000e+02,1.585600000000000000e+04,8.985413874230000147e+03,1.405430754130000182e+01,2.300000000000000000e+02,7.100000000000000000e+02,0.000000000000000000e+00,0.000000000000000000e+00,3.480492813100000138e-01
2.471000000000000000e+03,3.000000000000000000e+01,2.700000000000000000e+01,3.190000000000000000e+02,3.835125818630000367e+02,9.707359132080000563e+00,5.000000000000000000e+00,0.000000000000000000e+00,0.000000000000000000e+00,0.000000000000000000e+00,0.000000000000000000e+00
2.056200000000000000e+04,5.650000000000000000e+02,8.000000000000000000e+01,5.431000000000000000e+03,3.796305591710000044e+03,1.281878187230000066e+01,8.300000000000000000e+01,1.500000000000000000e+01,0.000000000000000000e+00,0.000000000000000000e+00,1.920000000000000040e-01
1.263800000000000000e+04,2.300000000000000000e+02,4.600000000000000000e+01,3.051000000000000000e+03,2.157162078169999859e+03,1.157931593760000055e+01,1.600000000000000000e+01,4.000000000000000000e+00,0.000000000000000000e+00,0.000000000000000000e+00,0.000000000000000000e+00
8.560000000000000000e+03,2.060000000000000000e+02,2.300000000000000000e+01,1.854000000000000000e+03,1.623023792790000016e+03,1.226795708440000077e+01,1.700000000000000000e+01,1.000000000000000000e+00,0.000000000000000000e+00,0.000000000000000000e+00,0.000000000000000000e+00
8.175000000000000000e+03,2.010000000000000000e+02,4.100000000000000000e+01,1.470000000000000000e+03,1.401058478729999933e+03,1.166844182809999886e+01,2.600000000000000000e+01,0.000000000000000000e+00,0.000000000000000000e+00,0.000000000000000000e+00,0.000000000000000000e+00
3.371000000000000000e+03,8.100000000000000000e+01,2.300000000000000000e+01,5.910000000000000000e+02,6.114977245149999590e+02,1.012928301690000055e+01,8.000000000000000000e+00,2.000000000000000000e+00,0.000000000000000000e+00,0.000000000000000000e+00,0.000000000000000000e+00
5.286300000000000000e+04,1.579000000000000000e+03,3.370000000000000000e+02,1.339500000000000000e+04,1.085504450949999955e+04,1.478302379570000014e+01,3.230000000000000000e+02,3.530000000000000000e+02,5.326176713459999934e-02,6.193228736580000393e-03,6.599999999999999645e+00
4.099000000000000000e+03,8.800000000000000000e+01,2.200000000000000000e+01,7.780000000000000000e+02,8.535765211699999782e+02,1.121977355089999939e+01,1.100000000000000000e+01,9.000000000000000000e+00,8.849557522120000963e-03,0.000000000000000000e+00,4.000000000000000000e+00
1.937000000000000000e+04,6.320000000000000000e+02,1.210000000000000000e+02,4.564000000000000000e+03,4.573615660569999818e+03,1.318827975199999969e+01,1.270000000000000000e+02,3.000000000000000000e+00,0.000000000000000000e+00,0.000000000000000000e+00,0.000000000000000000e+00
2.401100000000000000e+04,5.930000000000000000e+02,7.600000000000000000e+01,5.237000000000000000e+03,4.971201106679999612e+03,1.321613955640000171e+01,1.120000000000000000e+02,1.000000000000000000e+00,0.000000000000000000e+00,0.000000000000000000e+00,0.000000000000000000e+00
8.449000000000000000e+03,2.180000000000000000e+02,7.200000000000000000e+01,1.668000000000000000e+03,1.421058478729999933e+03,1.166844182809999886e+01,2.400000000000000000e+01,0.000000000000000000e+00,0.000000000000000000e+00,0.000000000000000000e+00,0.000000000000000000e+00
1.188600000000000000e+04,3.860000000000000000e+02,1.010000000000000000e+02,3.701000000000000000e+03,2.753162078169999859e+03,1.257931593760000055e+01,2.500000000000000000e+01,1.400000000000000000e+01,0.000000000000000000e+00,1.666666666670000019e-01,0.000000000000000000e+00
9.789000000000000000e+03,2.790000000000000000e+02,3.200000000000000000e+01,2.102000000000000000e+03,2.252761886589999904e+03,1.263820962660000013e+01,4.700000000000000000e+01,1.000000000000000000e+02,0.000000000000000000e+00,0.000000000000000000e+00,7.159090909099998790e-01
3.444000000000000000e+03,7.800000000000000000e+01,2.000000000000000000e+01,6.940000000000000000e+02,9.207023137050000514e+02,1.061286849730000093e+01,1.100000000000000000e+01,3.000000000000000000e+00,0.000000000000000000e+00,0.000000000000000000e+00,0.000000000000000000e+00
1.182300000000000000e+04,4.250000000000000000e+02,8.100000000000000000e+01,3.563000000000000000e+03,2.591549039689999972e+03,1.325384748499999965e+01,5.600000000000000000e+01,0.000000000000000000e+00,0.000000000000000000e+00,0.000000000000000000e+00,0.000000000000000000e+00
4.043300000000000000e+04,9.290000000000000000e+02,1.890000000000000000e+02,8.328000000000000000e+03,8.835019729300000108e+03,1.495560450480000014e+01,2.150000000000000000e+02,8.200000000000000000e+01,0.000000000000000000e+00,0.000000000000000000e+00,2.702702702700001680e-01
4.102000000000000000e+03,8.800000000000000000e+01,2.500000000000000000e+01,7.780000000000000000e+02,8.605765211699999782e+02,1.121977355089999939e+01,1.000000000000000000e+01,4.000000000000000000e+00,8.849557522120000963e-03,0.000000000000000000e+00,7.000000000000000000e+00
3.261800000000000000e+04,9.990000000000000000e+02,7.800000000000000000e+01,5.255000000000000000e+03,8.252402101769999717e+03,1.413931152279999992e+01,1.530000000000000000e+02,2.360000000000000000e+02,1.804812834220000106e-02,1.336898395719999947e-03,2.550000000000000000e+01
7.835000000000000000e+03,1.890000000000000000e+02,4.400000000000000000e+01,1.450000000000000000e+03,1.515487556580000046e+03,1.200632607849999900e+01,2.500000000000000000e+01,1.000000000000000000e+00,0.000000000000000000e+00,0.000000000000000000e+00,0.000000000000000000e+00
3.094700000000000000e+04,9.000000000000000000e+02,1.460000000000000000e+02,6.342000000000000000e+03,5.970984227689999898e+03,1.353132053460000073e+01,1.980000000000000000e+02,3.500000000000000000e+01,0.000000000000000000e+00,0.000000000000000000e+00,0.000000000000000000e+00
2.252300000000000000e+04,5.090000000000000000e+02,1.820000000000000000e+02,5.459000000000000000e+03,5.161317798899999616e+03,1.339981195930000091e+01,1.090000000000000000e+02,3.900000000000000000e+01,1.754385964909999790e-02,0.000000000000000000e+00,1.000000000000000000e+00
3.180900000000000000e+04,1.123000000000000000e+03,2.000000000000000000e+02,5.572000000000000000e+03,5.587835735280000335e+03,1.327343138349999840e+01,1.100000000000000000e+02,0.000000000000000000e+00,0.000000000000000000e+00,0.000000000000000000e+00,0.000000000000000000e+00
4.154000000000000000e+03,9.900000000000000000e+01,2.200000000000000000e+01,8.540000000000000000e+02,9.465765211699999782e+02,1.121977355089999939e+01,1.200000000000000000e+01,0.000000000000000000e+00,0.000000000000000000e+00,0.000000000000000000e+00,0.000000000000000000e+00
